<?xml version="1.0" encoding="UTF-8"?>

<CarePlan xmlns="http://hl7.org/fhir">
  <text>
    <status value="generated"/>
    <div xmlns="http://www.w3.org/1999/xhtml">
      <p>
        <b>Generated Narrative</b>
      </p>
      <p>
        <b>identifier</b>: CP2934 (official)
      </p>
      <p>
        <b>patient</b>: P. van de Heuvel
      </p>
      <p>
        <b>status</b>: completed
      </p>
      <p>
        <b>period</b>: 6-Jul 2011 --&gt; 7-Jul 2013
      </p>
      <p>
        <b>modified</b>: 7-Jul 2011 9:30
      </p>
      <p>
        <b>concern</b>: ?????
      </p>
      <h3>Participants</h3>
      <table class="grid">
        <tr>
          <td>
            <b>Role</b>
          </td>
          <td>
            <b>Member</b>
          </td>
        </tr>
        <tr>
          <td> </td>
          <td>M.I.M. Versteegh</td>
        </tr>
      </table>
      <h3>Goals</h3>
      <table class="grid">
        <tr>
          <td>
            <b>Description</b>
          </td>
          <td>
            <b>Status</b>
          </td>
          <td>
            <b>Notes</b>
          </td>
          <td>
            <b>Concern</b>
          </td>
        </tr>
        <tr>
          <td>succesful surgery on lung of patient</td>
          <td>achieved</td>
          <td>goal accomplished with minor complications</td>
          <td> </td>
        </tr>
      </table>
      <blockquote>
        <p>
          <b>activity</b>
        </p>
        <p>
          <b>status</b>: completed
        </p>
        <p>
          <b>prohibited</b>: true
        </p>
        <h3>Simples</h3>
        <table class="grid">
          <tr>
            <td>
              <b>Category</b>
            </td>
            <td>
              <b>Code</b>
            </td>
            <td>
              <b>Timing[x]</b>
            </td>
            <td>
              <b>Location</b>
            </td>
            <td>
              <b>Performer</b>
            </td>
            <td>
              <b>Product</b>
            </td>
            <td>
              <b>DailyAmount</b>
            </td>
            <td>
              <b>Quantity</b>
            </td>
            <td>
              <b>Details</b>
            </td>
          </tr>
          <tr>
            <td>procedure</td>
            <td>
              <span title="Codes: {http://snomed.info/sct 359615001}">Partial lobectomy of lung</span>
            </td>
            <td>2011-07-07T09:30:10+01:00</td>
            <td> </td>
            <td>M.I.M. Versteegh</td>
            <td> </td>
            <td> </td>
            <td> </td>
            <td> </td>
          </tr>
        </table>
      </blockquote>
    </div>
  </text>
  <identifier>
    <use value="official"/><!--   urn:oid:2.16.840.1.113883.4.642.1.36   -->
    <system value="http://www.bmc.nl/zorgportal/identifiers/careplans"/>
    <value value="CP2934"/>
  </identifier>
  <patient>
    <reference value="Patient/f001"/>
    <display value="P. van de Heuvel"/>
  </patient>
  <status value="completed"/><!--   urn:oid:2.16.840.1.113883.4.642.1.36   -->
  <period>
    <start value="2011-07-06"/>
    <end value="2013-07-07"/>
  </period>
  <modified value="2011-07-07T09:30:10+01:00"/>
  <concern>
    <reference value="Condition/f201"/><!--  TODO Correcte referentie  -->
    <display value="?????"/>
  </concern>
  <participant>
    <member>
      <reference value="Practitioner/f003"/>
      <display value="M.I.M. Versteegh"/>
    </member>
  </participant>
  <goal>
    <description value="succesful surgery on lung of patient"/>
    <status value="achieved"/><!--   urn:oid:2.16.840.1.113883.4.642.1.38   -->
    <notes value="goal accomplished with minor complications"/>
  </goal>
  <activity>
    <status value="completed"/>
    <prohibited value="true"/>
    <simple>
      <category value="procedure"/><!--   urn:oid:2.16.840.1.113883.4.642.1.39   -->
      <code>
        <coding>
          <system value="http://snomed.info/sct"/>
          <code value="359615001"/>
          <display value="Partial lobectomy of lung"/>
        </coding>
      </code>
      <timingString value="2011-07-07T09:30:10+01:00"/>
      <performer>
        <reference value="Practitioner/f003"/>
        <display value="M.I.M. Versteegh"/>
      </performer>
    </simple>
  </activity>
</CarePlan>