{
  "resourceType": "ValueSet",
  "text": {
    "status": "generated",
    "div": "<div><h2>ConditionRelationshipType</h2><p>The type of relationship between a condition and its related item</p><p>This value set defines its own terms in the system http://hl7.org/fhir/condition-relationship-type</p><table><tr><td><b>Code</b></td><td><b>Display</b></td><td><b>Definition</b></td></tr><tr><td>due-to<a name=\"due-to\"> </a></td><td/><td>this condition follows the identified condition/procedure/substance and is a consequence of it.</td></tr><tr><td>following<a name=\"following\"> </a></td><td/><td>this condition follows the identified condition/procedure/substance, but it is not known whether they are causually linked.</td></tr></table></div>"
  },
  "identifier": "http://hl7.org/fhir/vs/condition-relationship-type",
  "name": "ConditionRelationshipType",
  "publisher": "HL7 (FHIR Project)",
  "telecom": [
    {
      "system": "url",
      "value": "http://hl7.org/fhir"
    },
    {
      "system": "email",
      "value": "fhir@lists.hl7.org"
    }
  ],
  "description": "The type of relationship between a condition and its related item",
  "status": "draft",
  "date": "2014-10-08T09:17:44.379+11:00",
  "define": {
    "system": "http://hl7.org/fhir/condition-relationship-type",
    "caseSensitive": true,
    "concept": [
      {
        "code": "due-to",
        "definition": "this condition follows the identified condition/procedure/substance and is a consequence of it."
      },
      {
        "code": "following",
        "definition": "this condition follows the identified condition/procedure/substance, but it is not known whether they are causually linked."
      }
    ]
  }
}