{"resourceType":"Condition","text":{"status":"generated","div":"<div>\n      <p>\n        <b>Generated Narrative</b>\n      </p>\n      <p>\n        <b>subject</b>: Roel\n      </p>\n      <p>\n        <b>encounter</b>: Roel's encounter on March eleventh\n      </p>\n      <p>\n        <b>asserter</b>: \n        <a href=\"practitioner-example-f201-ab.html\">UZI-nummer = 12345678901 (official); Dokter Bronsig(official); Male; birthDate: 24-Dec 1956; Implementation of planned interventions; Medical oncologist</a>\n      </p>\n      <p>\n        <b>dateAsserted</b>: 11-Mar 2013\n      </p>\n      <p>\n        <b>code</b>: \n        <span title=\"Codes: {http://snomed.info/sct 10001005}\">Bacterial sepsis</span>\n      </p>\n      <p>\n        <b>category</b>: \n        <span title=\"Codes: {http://snomed.info/sct 55607006}, {http://hl7.org/fhir/condition-category finding}\">Problem</span>\n      </p>\n      <p>\n        <b>status</b>: confirmed\n      </p>\n      <p>\n        <b>certainty</b>: \n        <span title=\"Codes: {http://snomed.info/sct 17162000}\">Certain</span>\n      </p>\n      <p>\n        <b>severity</b>: \n        <span title=\"Codes: {http://snomed.info/sct 371924009}\">Moderate to severe</span>\n      </p>\n      <p>\n        <b>onset[x]</b>: 8-Mar 2013\n      </p>\n      <h3>Evidences</h3>\n      <table class=\"grid\">\n        <tr>\n          <td>\n            <b>Code</b>\n          </td>\n          <td>\n            <b>Detail</b>\n          </td>\n        </tr>\n        <tr>\n          <td> </td>\n          <td>Diagnostic report for Roel's sepsis</td>\n        </tr>\n      </table>\n      <h3>Locations</h3>\n      <table class=\"grid\">\n        <tr>\n          <td>\n            <b>Code</b>\n          </td>\n          <td>\n            <b>Detail</b>\n          </td>\n        </tr>\n        <tr>\n          <td>\n            <span title=\"Codes: {http://snomed.info/sct 281158006}\">Pulmonary vascular structure</span>\n          </td>\n          <td> </td>\n        </tr>\n      </table>\n      <h3>RelatedItems</h3>\n      <table class=\"grid\">\n        <tr>\n          <td>\n            <b>Type</b>\n          </td>\n          <td>\n            <b>Code</b>\n          </td>\n          <td>\n            <b>Target</b>\n          </td>\n        </tr>\n        <tr>\n          <td>dueto</td>\n          <td> </td>\n          <td>Staphylococcus Aureus</td>\n        </tr>\n      </table>\n    </div>"},"subject":{"reference":"Patient/f201","display":"Roel"},"encounter":{"reference":"Encounter/f203","display":"Roel's encounter on March eleventh"},"asserter":{"reference":"Practitioner/f201"},"dateAsserted":"2013-03-11","code":{"coding":[{"system":"http://snomed.info/sct","code":"10001005","display":"Bacterial sepsis"}]},"category":{"coding":[{"system":"http://snomed.info/sct","code":"55607006","display":"Problem"},{"system":"http://hl7.org/fhir/condition-category","code":"finding"}]},"status":"confirmed","certainty":{"coding":[{"system":"http://snomed.info/sct","code":"17162000","display":"Certain"}]},"severity":{"coding":[{"system":"http://snomed.info/sct","code":"371924009","display":"Moderate to severe"}]},"onsetDate":"2013-03-08","evidence":[{"detail":[{"reference":"DiagnosticReport/f202","display":"Diagnostic report for Roel's sepsis"}]}],"location":[{"code":{"coding":[{"system":"http://snomed.info/sct","code":"281158006","display":"Pulmonary vascular structure"}]}}],"relatedItem":[{"type":"due-to","target":{"reference":"Substance/f202","display":"Staphylococcus Aureus"}}]}