{"resourceType":"Condition","text":{"status":"generated","div":"<div>\n      <p>\n        <b>Generated Narrative</b>\n      </p>\n      <p>\n        <b>subject</b>: P. van de Heuvel\n      </p>\n      <p>\n        <b>encounter</b>: \n        <a href=\"encounter-example-f002-lung.html\">v3251 (official); finished; outpatient; Patient-initiated encounter; 140 min; Partial lobectomy of lung; Urgent</a>\n      </p>\n      <p>\n        <b>asserter</b>: P. van de Heuvel\n      </p>\n      <p>\n        <b>dateAsserted</b>: 3-Jun 2012\n      </p>\n      <p>\n        <b>code</b>: \n        <span title=\"Codes: {http://snomed.info/sct 254637007}\">NSCLC - Non-small cell lung cancer</span>\n      </p>\n      <p>\n        <b>category</b>: \n        <span title=\"Codes: {http://snomed.info/sct 439401001}\">diagnosis</span>\n      </p>\n      <p>\n        <b>status</b>: confirmed\n      </p>\n      <p>\n        <b>severity</b>: \n        <span title=\"Codes: {http://snomed.info/sct 24484000}\">Severe</span>\n      </p>\n      <p>\n        <b>onset[x]</b>: 5-May 2011\n      </p>\n      <h3>Stages</h3>\n      <table class=\"grid\">\n        <tr>\n          <td>\n            <b>Summary</b>\n          </td>\n          <td>\n            <b>Assessment</b>\n          </td>\n        </tr>\n        <tr>\n          <td>\n            <span title=\"Codes: {http://snomed.info/sct 258219007}\">stage II</span>\n          </td>\n          <td> </td>\n        </tr>\n      </table>\n      <h3>Evidences</h3>\n      <table class=\"grid\">\n        <tr>\n          <td>\n            <b>Code</b>\n          </td>\n          <td>\n            <b>Detail</b>\n          </td>\n        </tr>\n        <tr>\n          <td>\n            <span title=\"Codes: {http://snomed.info/sct 169069000}\">CT of thorax</span>\n          </td>\n          <td> </td>\n        </tr>\n      </table>\n      <h3>Locations</h3>\n      <table class=\"grid\">\n        <tr>\n          <td>\n            <b>Code</b>\n          </td>\n          <td>\n            <b>Detail</b>\n          </td>\n        </tr>\n        <tr>\n          <td>\n            <span title=\"Codes: {http://snomed.info/sct 51185008}\">Thorax</span>\n          </td>\n          <td>lung</td>\n        </tr>\n      </table>\n    </div>"},"subject":{"reference":"Patient/f001","display":"P. van de Heuvel"},"encounter":{"reference":"Encounter/f002"},"asserter":{"reference":"Patient/f001","display":"P. van de Heuvel"},"dateAsserted":"2012-06-03","code":{"coding":[{"system":"http://snomed.info/sct","code":"254637007","display":"NSCLC - Non-small cell lung cancer"}]},"category":{"coding":[{"system":"http://snomed.info/sct","code":"439401001","display":"diagnosis"}]},"status":"confirmed","severity":{"coding":[{"system":"http://snomed.info/sct","code":"24484000","display":"Severe"}]},"onsetDate":"2011-05-05","stage":{"summary":{"coding":[{"system":"http://snomed.info/sct","code":"258219007","display":"stage II"}]}},"evidence":[{"code":{"coding":[{"system":"http://snomed.info/sct","code":"169069000","display":"CT of thorax"}]}}],"location":[{"code":{"coding":[{"system":"http://snomed.info/sct","code":"51185008","display":"Thorax"}]},"detail":"lung"}]}