<?xml version="1.0" encoding="UTF-8"?>

<ConceptMap xmlns="http://hl7.org/fhir">
  <text>
    <status value="generated"/>
    <div xmlns="http://www.w3.org/1999/xhtml">
      <h2>v2 map for ContactUse (http://hl7.org/fhir/cm/v2/contact-use)</h2>
      <p>Mapping from 
        <a href="contact-use.html">http://hl7.org/fhir/vs/contact-use</a> to 
        <a href="v2/0201/index.html">http://hl7.org/fhir/v2/vs/0201</a>
      </p>
      <p>Draft. Published on 8-Oct 2014 9:17 by HL7 (FHIR Project) (
        <a href="http://hl7.org/fhir">http://hl7.org/fhir</a>, 
        <a href="mailto:fhir@lists.hl7.org">fhir@lists.hl7.org</a>). 
      </p>
      <p>v2 Map (0201)</p>
      <br/>
      <table class="grid">
        <tr>
          <td>
            <b>Source Code</b>
          </td>
          <td>
            <b>Equivalence</b>
          </td>
          <td>
            <b>Destination Code</b>
          </td>
        </tr>
        <tr>
          <td>home</td>
          <td>narrower</td>
          <td>PRN (Primary Residence Number)</td>
        </tr>
        <tr>
          <td>home</td>
          <td>narrower</td>
          <td>ORN (Other Residence Number)</td>
        </tr>
        <tr>
          <td>home</td>
          <td>narrower</td>
          <td>VHN (Vacation Home Number)</td>
        </tr>
        <tr>
          <td>work</td>
          <td>equivalent</td>
          <td>WPN (Work Number)</td>
        </tr>
        <tr>
          <td>mobile</td>
          <td>equivalent</td>
          <td>PRS (Personal)</td>
        </tr>
      </table>
    </div>
  </text>
  <identifier value="http://hl7.org/fhir/cm/v2/contact-use"/>
  <name value="v2 map for ContactUse"/>
  <publisher value="HL7 (FHIR Project)"/>
  <telecom>
    <system value="url"/>
    <value value="http://hl7.org/fhir"/>
  </telecom>
  <telecom>
    <system value="email"/>
    <value value="fhir@lists.hl7.org"/>
  </telecom>
  <description value="v2 Map (0201)"/>
  <status value="draft"/>
  <date value="2014-10-08T09:17:46.378+11:00"/>
  <source>
    <reference value="http://hl7.org/fhir/vs/contact-use"/>
  </source>
  <target>
    <reference value="http://hl7.org/fhir/v2/vs/0201"/>
  </target>
  <concept>
    <system value="http://hl7.org/fhir/contact-use"/>
    <code value="home"/>
    <map>
      <system value="http://hl7.org/fhir/v2/0201"/>
      <code value="PRN"/>
      <equivalence value="narrower"/>
    </map>
  </concept>
  <concept>
    <system value="http://hl7.org/fhir/contact-use"/>
    <code value="home"/>
    <map>
      <system value="http://hl7.org/fhir/v2/0201"/>
      <code value="ORN"/>
      <equivalence value="narrower"/>
    </map>
  </concept>
  <concept>
    <system value="http://hl7.org/fhir/contact-use"/>
    <code value="home"/>
    <map>
      <system value="http://hl7.org/fhir/v2/0201"/>
      <code value="VHN"/>
      <equivalence value="narrower"/>
    </map>
  </concept>
  <concept>
    <system value="http://hl7.org/fhir/contact-use"/>
    <code value="work"/>
    <map>
      <system value="http://hl7.org/fhir/v2/0201"/>
      <code value="WPN"/>
      <equivalence value="equivalent"/>
    </map>
  </concept>
  <concept>
    <system value="http://hl7.org/fhir/contact-use"/>
    <code value="mobile"/>
    <map>
      <system value="http://hl7.org/fhir/v2/0201"/>
      <code value="PRS"/>
      <equivalence value="equivalent"/>
    </map>
  </concept>
</ConceptMap>