<?xml version="1.0" encoding="UTF-8"?>

<ConceptMap xmlns="http://hl7.org/fhir">
  <text>
    <status value="generated"/>
    <div xmlns="http://www.w3.org/1999/xhtml">
      <h2>v3 map for DataAbsentReason (http://hl7.org/fhir/cm/v3/data-absent-reason)</h2>
      <p>Mapping from 
        <a href="data-absent-reason.html">http://hl7.org/fhir/vs/data-absent-reason</a> to 
        <a href="v3/NullFlavor/index.html">http://hl7.org/fhir/v3/vs/NullFlavor</a>
      </p>
      <p>Draft. Published on 8-Oct 2014 9:17 by HL7 (FHIR Project) (
        <a href="http://hl7.org/fhir">http://hl7.org/fhir</a>, 
        <a href="mailto:fhir@lists.hl7.org">fhir@lists.hl7.org</a>). 
      </p>
      <p>v3 Map (NullFlavor)</p>
      <br/>
      <table class="grid">
        <tr>
          <td>
            <b>Source Code</b>
          </td>
          <td>
            <b>Equivalence</b>
          </td>
          <td>
            <b>Destination Code</b>
          </td>
        </tr>
        <tr>
          <td>unknown</td>
          <td>equal</td>
          <td>UNK (unknown)</td>
        </tr>
        <tr>
          <td>asked</td>
          <td>equal</td>
          <td>ASKU (asked but unknown)</td>
        </tr>
        <tr>
          <td>temp</td>
          <td>equal</td>
          <td>NAV (temporarily unavailable)</td>
        </tr>
        <tr>
          <td>notasked</td>
          <td>equal</td>
          <td>NASK (not asked)</td>
        </tr>
        <tr>
          <td>masked</td>
          <td>equal</td>
          <td>MSK (masked)</td>
        </tr>
        <tr>
          <td>unsupported</td>
          <td>wider</td>
          <td>NA (not applicable)</td>
        </tr>
        <tr>
          <td>error</td>
          <td>wider</td>
          <td>NA (not applicable)</td>
        </tr>
      </table>
    </div>
  </text>
  <identifier value="http://hl7.org/fhir/cm/v3/data-absent-reason"/>
  <name value="v3 map for DataAbsentReason"/>
  <publisher value="HL7 (FHIR Project)"/>
  <telecom>
    <system value="url"/>
    <value value="http://hl7.org/fhir"/>
  </telecom>
  <telecom>
    <system value="email"/>
    <value value="fhir@lists.hl7.org"/>
  </telecom>
  <description value="v3 Map (NullFlavor)"/>
  <status value="draft"/>
  <date value="2014-10-08T09:17:44.785+11:00"/>
  <source>
    <reference value="http://hl7.org/fhir/vs/data-absent-reason"/>
  </source>
  <target>
    <reference value="http://hl7.org/fhir/v3/vs/NullFlavor"/>
  </target>
  <concept>
    <system value="http://hl7.org/fhir/data-absent-reason"/>
    <code value="unknown"/>
    <map>
      <system value="http://hl7.org/fhir/v3/NullFlavor"/>
      <code value="UNK"/>
      <equivalence value="equal"/>
    </map>
  </concept>
  <concept>
    <system value="http://hl7.org/fhir/data-absent-reason"/>
    <code value="asked"/>
    <map>
      <system value="http://hl7.org/fhir/v3/NullFlavor"/>
      <code value="ASKU"/>
      <equivalence value="equal"/>
    </map>
  </concept>
  <concept>
    <system value="http://hl7.org/fhir/data-absent-reason"/>
    <code value="temp"/>
    <map>
      <system value="http://hl7.org/fhir/v3/NullFlavor"/>
      <code value="NAV"/>
      <equivalence value="equal"/>
    </map>
  </concept>
  <concept>
    <system value="http://hl7.org/fhir/data-absent-reason"/>
    <code value="notasked"/>
    <map>
      <system value="http://hl7.org/fhir/v3/NullFlavor"/>
      <code value="NASK"/>
      <equivalence value="equal"/>
    </map>
  </concept>
  <concept>
    <system value="http://hl7.org/fhir/data-absent-reason"/>
    <code value="masked"/>
    <map>
      <system value="http://hl7.org/fhir/v3/NullFlavor"/>
      <code value="MSK"/>
      <equivalence value="equal"/>
    </map>
  </concept>
  <concept>
    <system value="http://hl7.org/fhir/data-absent-reason"/>
    <code value="unsupported"/>
    <map>
      <system value="http://hl7.org/fhir/v3/NullFlavor"/>
      <code value="NA"/>
      <equivalence value="wider"/>
    </map>
  </concept>
  <concept>
    <system value="http://hl7.org/fhir/data-absent-reason"/>
    <code value="error"/>
    <map>
      <system value="http://hl7.org/fhir/v3/NullFlavor"/>
      <code value="NA"/>
      <equivalence value="wider"/>
    </map>
  </concept>
</ConceptMap>